[{"fields": {"model": "logentry", "app_label": "admin"}, "model": "contenttypes.contenttype", "pk": 1}, {"fields": {"model": "permission", "app_label": "auth"}, "model": "contenttypes.contenttype", "pk": 2}, {"fields": {"model": "group", "app_label": "auth"}, "model": "contenttypes.contenttype", "pk": 3}, {"fields": {"model": "user", "app_label": "auth"}, "model": "contenttypes.contenttype", "pk": 4}, {"fields": {"model": "contenttype", "app_label": "contenttypes"}, "model": "contenttypes.contenttype", "pk": 5}, {"fields": {"model": "session", "app_label": "sessions"}, "model": "contenttypes.contenttype", "pk": 6}, {"fields": {"model": "portfolio", "app_label": "portfolio"}, "model": "contenttypes.contenttype", "pk": 7}, {"fields": {"model": "drug", "app_label": "portfolio"}, "model": "contenttypes.contenttype", "pk": 8}, {"fields": {"model": "stage", "app_label": "portfolio"}, "model": "contenttypes.contenttype", "pk": 9}, {"fields": {"expire_date": "2015-01-31T17:25:24.109Z", "session_data": "MGY2MGY0MGYxOTNiMGM4ZGQ4MTdjMzNkMDExZThkODZlYjM4NmQzNjp7fQ=="}, "model": "sessions.session", "pk": "4o2vfllfer0b8rxuh26sosrusc0s1oco"}, {"fields": {"expire_date": "2014-12-07T17:46:02.976Z", "session_data": "OWU0Y2YwN2M0NTE2NWE3NmY3NmQ3OWUwYmM1NGY5YmJiNWU4MTlkODp7Il9hdXRoX3VzZXJfaGFzaCI6Ijk2MWFmOGMyZWUyMzE1YmI4YjVhMmI1MThlN2VjNzNkZWY4NDJjZGEiLCJfYXV0aF91c2VyX2JhY2tlbmQiOiJkamFuZ28uY29udHJpYi5hdXRoLmJhY2tlbmRzLk1vZGVsQmFja2VuZCIsIl9hdXRoX3VzZXJfaWQiOjF9"}, "model": "sessions.session", "pk": "801bjxooxl3klinc535fiw58b89edh4y"}, {"fields": {"expire_date": "2014-12-07T23:37:59.552Z", "session_data": "MGY2MGY0MGYxOTNiMGM4ZGQ4MTdjMzNkMDExZThkODZlYjM4NmQzNjp7fQ=="}, "model": "sessions.session", "pk": "a1nm0b4q7z8fwk6hm2uu17i5afj85goe"}, {"fields": {"expire_date": "2015-01-31T17:42:09.989Z", "session_data": "MGY2MGY0MGYxOTNiMGM4ZGQ4MTdjMzNkMDExZThkODZlYjM4NmQzNjp7fQ=="}, "model": "sessions.session", "pk": "iw11pg4wfvixot0avul6rehd28ns5psk"}, {"fields": {"expire_date": "2014-11-20T21:13:29.393Z", "session_data": "MGY2MGY0MGYxOTNiMGM4ZGQ4MTdjMzNkMDExZThkODZlYjM4NmQzNjp7fQ=="}, "model": "sessions.session", "pk": "zykqb8y9zvt8bok3qivstttgx9xfisoo"}, {"fields": {"portfolio": 1, "name": "A", "profit_year": 10000.0}, "model": "portfolio.drug", "pk": 1}, {"fields": {"portfolio": 1, "name": "B", "profit_year": 5000.0}, "model": "portfolio.drug", "pk": 2}, {"fields": {"portfolio": 1, "name": "C", "profit_year": 7000.0}, "model": "portfolio.drug", "pk": 3}, {"fields": {"portfolio": 1, "name": "D", "profit_year": 11120.0}, "model": "portfolio.drug", "pk": 4}, {"fields": {"portfolio": 1, "name": "E", "profit_year": 9000.0}, "model": "portfolio.drug", "pk": 5}, {"fields": {"portfolio": 1, "name": "F", "profit_year": 3000.0}, "model": "portfolio.drug", "pk": 6}, {"fields": {"portfolio": 1, "name": "G", "profit_year": 4000.0}, "model": "portfolio.drug", "pk": 7}, {"fields": {"portfolio": 1, "name": "H", "profit_year": 10000.0}, "model": "portfolio.drug", "pk": 8}, {"fields": {"portfolio": 1, "name": "I", "profit_year": 5000.0}, "model": "portfolio.drug", "pk": 9}, {"fields": {"portfolio": 1, "name": "J", "profit_year": 8000.0}, "model": "portfolio.drug", "pk": 10}, {"fields": {"portfolio": 1, "name": "K", "profit_year": 9000.0}, "model": "portfolio.drug", "pk": 11}, {"fields": {"portfolio": 1, "name": "L", "profit_year": 11111.0}, "model": "portfolio.drug", "pk": 12}, {"fields": {"portfolio": 3, "name": "A", "profit_year": 2618.0}, "model": "portfolio.drug", "pk": 13}, {"fields": {"portfolio": 3, "name": "B", "profit_year": 3943.0}, "model": "portfolio.drug", "pk": 14}, {"fields": {"portfolio": 3, "name": "C", "profit_year": 13538.0}, "model": "portfolio.drug", "pk": 15}, {"fields": {"portfolio": 3, "name": "D", "profit_year": 19115.0}, "model": "portfolio.drug", "pk": 16}, {"fields": {"portfolio": 3, "name": "E", "profit_year": 2747.0}, "model": "portfolio.drug", "pk": 17}, {"fields": {"portfolio": 3, "name": "F", "profit_year": 16066.0}, "model": "portfolio.drug", "pk": 18}, {"fields": {"portfolio": 3, "name": "G", "profit_year": 2181.0}, "model": "portfolio.drug", "pk": 19}, {"fields": {"portfolio": 3, "name": "H", "profit_year": 17839.0}, "model": "portfolio.drug", "pk": 20}, {"fields": {"portfolio": 3, "name": "I", "profit_year": 10000.0}, "model": "portfolio.drug", "pk": 21}, {"fields": {"portfolio": 3, "name": "J", "profit_year": 16798.0}, "model": "portfolio.drug", "pk": 22}, {"fields": {"portfolio": 3, "name": "K", "profit_year": 15308.0}, "model": "portfolio.drug", "pk": 23}, {"fields": {"portfolio": 3, "name": "L", "profit_year": 8520.0}, "model": "portfolio.drug", "pk": 24}, {"fields": {"portfolio": 3, "name": "M", "profit_year": 7454.0}, "model": "portfolio.drug", "pk": 25}, {"fields": {"portfolio": 3, "name": "N", "profit_year": 11388.0}, "model": "portfolio.drug", "pk": 26}, {"fields": {"portfolio": 3, "name": "O", "profit_year": 5034.0}, "model": "portfolio.drug", "pk": 27}, {"fields": {"portfolio": 3, "name": "P", "profit_year": 17317.0}, "model": "portfolio.drug", "pk": 28}, {"fields": {"portfolio": 3, "name": "Q", "profit_year": 5063.0}, "model": "portfolio.drug", "pk": 29}, {"fields": {"portfolio": 3, "name": "R", "profit_year": 16017.0}, "model": "portfolio.drug", "pk": 30}, {"fields": {"portfolio": 3, "name": "S", "profit_year": 17133.0}, "model": "portfolio.drug", "pk": 31}, {"fields": {"portfolio": 3, "name": "T", "profit_year": 4799.0}, "model": "portfolio.drug", "pk": 32}, {"fields": {"portfolio": 3, "name": "U", "profit_year": 17205.0}, "model": "portfolio.drug", "pk": 33}, {"fields": {"portfolio": 3, "name": "V", "profit_year": 2149.0}, "model": "portfolio.drug", "pk": 34}, {"fields": {"portfolio": 3, "name": "X", "profit_year": 12000.0}, "model": "portfolio.drug", "pk": 35}, {"fields": {"portfolio": 3, "name": "Y", "profit_year": 9037.0}, "model": "portfolio.drug", "pk": 36}, {"fields": {"portfolio": 3, "name": "Z", "profit_year": 9555.0}, "model": "portfolio.drug", "pk": 37}, {"fields": {"portfolio": 3, "name": "W", "profit_year": 13955.0}, "model": "portfolio.drug", "pk": 38}, {"fields": {"fail": 0.6, "duration": 2, "cost": 1000.0, "name": "One", "drug": 1}, "model": "portfolio.stage", "pk": 1}, {"fields": {"fail": 0.6, "duration": 2, "cost": 1000.0, "name": "Two", "drug": 1}, "model": "portfolio.stage", "pk": 2}, {"fields": {"fail": 0.7, "duration": 4, "cost": 5000.0, "name": "Three", "drug": 1}, "model": "portfolio.stage", "pk": 3}, {"fields": {"fail": 0.2, "duration": 2, "cost": 3000.0, "name": "One", "drug": 2}, "model": "portfolio.stage", "pk": 4}, {"fields": {"fail": 0.4, "duration": 3, "cost": 1000.0, "name": "Two", "drug": 2}, "model": "portfolio.stage", "pk": 5}, {"fields": {"fail": 0.5, "duration": 1, "cost": 2000.0, "name": "Three", "drug": 2}, "model": "portfolio.stage", "pk": 6}, {"fields": {"fail": 0.8, "duration": 1, "cost": 4000.0, "name": "One", "drug": 3}, "model": "portfolio.stage", "pk": 7}, {"fields": {"fail": 0.9, "duration": 5, "cost": 5000.0, "name": "Two", "drug": 3}, "model": "portfolio.stage", "pk": 8}, {"fields": {"fail": 0.7, "duration": 2, "cost": 1000.0, "name": "One", "drug": 4}, "model": "portfolio.stage", "pk": 9}, {"fields": {"fail": 0.4, "duration": 2, "cost": 1000.0, "name": "Two", "drug": 4}, "model": "portfolio.stage", "pk": 10}, {"fields": {"fail": 0.6, "duration": 4, "cost": 5000.0, "name": "Three", "drug": 4}, "model": "portfolio.stage", "pk": 11}, {"fields": {"fail": 0.5, "duration": 2, "cost": 1000.0, "name": "One", "drug": 5}, "model": "portfolio.stage", "pk": 12}, {"fields": {"fail": 0.9, "duration": 2, "cost": 1000.0, "name": "Two", "drug": 5}, "model": "portfolio.stage", "pk": 13}, {"fields": {"fail": 0.3, "duration": 2, "cost": 5000.0, "name": "Three", "drug": 5}, "model": "portfolio.stage", "pk": 14}, {"fields": {"fail": 0.4, "duration": 1, "cost": 1000.0, "name": "One", "drug": 6}, "model": "portfolio.stage", "pk": 15}, {"fields": {"fail": 0.8, "duration": 2, "cost": 2000.0, "name": "Two", "drug": 6}, "model": "portfolio.stage", "pk": 16}, {"fields": {"fail": 0.9, "duration": 3, "cost": 4000.0, "name": "Three", "drug": 6}, "model": "portfolio.stage", "pk": 17}, {"fields": {"fail": 0.5, "duration": 1, "cost": 1000.0, "name": "One", "drug": 7}, "model": "portfolio.stage", "pk": 18}, {"fields": {"fail": 0.6, "duration": 3, "cost": 5000.0, "name": "Two", "drug": 7}, "model": "portfolio.stage", "pk": 19}, {"fields": {"fail": 0.5, "duration": 1, "cost": 1000.0, "name": "One\n", "drug": 8}, "model": "portfolio.stage", "pk": 20}, {"fields": {"fail": 0.4, "duration": 1, "cost": 2000.0, "name": "Two", "drug": 8}, "model": "portfolio.stage", "pk": 21}, {"fields": {"fail": 0.9, "duration": 2, "cost": 1000.0, "name": "Three\n", "drug": 8}, "model": "portfolio.stage", "pk": 22}, {"fields": {"fail": 0.7, "duration": 3, "cost": 1000.0, "name": "One\n", "drug": 9}, "model": "portfolio.stage", "pk": 23}, {"fields": {"fail": 0.5, "duration": 2, "cost": 1000.0, "name": "Two", "drug": 9}, "model": "portfolio.stage", "pk": 24}, {"fields": {"fail": 0.8, "duration": 2, "cost": 1400.0, "name": "One", "drug": 10}, "model": "portfolio.stage", "pk": 25}, {"fields": {"fail": 0.4, "duration": 1, "cost": 5000.0, "name": "Two", "drug": 10}, "model": "portfolio.stage", "pk": 26}, {"fields": {"fail": 0.7, "duration": 4, "cost": 1000.0, "name": "Three", "drug": 10}, "model": "portfolio.stage", "pk": 27}, {"fields": {"fail": 0.8, "duration": 2, "cost": 2000.0, "name": "One", "drug": 11}, "model": "portfolio.stage", "pk": 28}, {"fields": {"fail": 0.7, "duration": 1, "cost": 2500.0, "name": "Two", "drug": 11}, "model": "portfolio.stage", "pk": 29}, {"fields": {"fail": 0.4, "duration": 5, "cost": 1000.0, "name": "Three", "drug": 11}, "model": "portfolio.stage", "pk": 30}, {"fields": {"fail": 0.8, "duration": 2, "cost": 100.0, "name": "One", "drug": 12}, "model": "portfolio.stage", "pk": 31}, {"fields": {"fail": 0.6, "duration": 2, "cost": 1400.0, "name": "Two", "drug": 12}, "model": "portfolio.stage", "pk": 32}, {"fields": {"fail": 0.25, "duration": 10, "cost": 3529.0, "name": "0", "drug": 13}, "model": "portfolio.stage", "pk": 33}, {"fields": {"fail": 0.25, "duration": 6, "cost": 9997.0, "name": "1", "drug": 13}, "model": "portfolio.stage", "pk": 34}, {"fields": {"fail": 0.25, "duration": 3, "cost": 5985.0, "name": "2", "drug": 13}, "model": "portfolio.stage", "pk": 35}, {"fields": {"fail": 0.37, "duration": 2, "cost": 5840.0, "name": "0", "drug": 14}, "model": "portfolio.stage", "pk": 36}, {"fields": {"fail": 0.64, "duration": 5, "cost": 8378.0, "name": "1", "drug": 14}, "model": "portfolio.stage", "pk": 37}, {"fields": {"fail": 0.47, "duration": 8, "cost": 5996.0, "name": "2", "drug": 14}, "model": "portfolio.stage", "pk": 38}, {"fields": {"fail": 0.53, "duration": 2, "cost": 6688.0, "name": "0", "drug": 15}, "model": "portfolio.stage", "pk": 39}, {"fields": {"fail": 0.25, "duration": 8, "cost": 7675.0, "name": "1", "drug": 15}, "model": "portfolio.stage", "pk": 40}, {"fields": {"fail": 0.29, "duration": 3, "cost": 1371.0, "name": "2", "drug": 15}, "model": "portfolio.stage", "pk": 41}, {"fields": {"fail": 0.64, "duration": 5, "cost": 3087.0, "name": "0", "drug": 16}, "model": "portfolio.stage", "pk": 42}, {"fields": {"fail": 0.55, "duration": 1, "cost": 5732.0, "name": "1", "drug": 16}, "model": "portfolio.stage", "pk": 43}, {"fields": {"fail": 0.25, "duration": 8, "cost": 2970.0, "name": "2", "drug": 16}, "model": "portfolio.stage", "pk": 44}, {"fields": {"fail": 0.51, "duration": 10, "cost": 7069.0, "name": "0", "drug": 17}, "model": "portfolio.stage", "pk": 45}, {"fields": {"fail": 0.25, "duration": 3, "cost": 2111.0, "name": "1", "drug": 17}, "model": "portfolio.stage", "pk": 46}, {"fields": {"fail": 0.28, "duration": 9, "cost": 9077.0, "name": "2", "drug": 17}, "model": "portfolio.stage", "pk": 47}, {"fields": {"fail": 0.37, "duration": 6, "cost": 1542.0, "name": "0", "drug": 18}, "model": "portfolio.stage", "pk": 48}, {"fields": {"fail": 0.48, "duration": 9, "cost": 1317.0, "name": "1", "drug": 18}, "model": "portfolio.stage", "pk": 49}, {"fields": {"fail": 0.96, "duration": 10, "cost": 4866.0, "name": "2", "drug": 18}, "model": "portfolio.stage", "pk": 50}, {"fields": {"fail": 0.67, "duration": 2, "cost": 7025.0, "name": "0", "drug": 19}, "model": "portfolio.stage", "pk": 51}, {"fields": {"fail": 0.25, "duration": 4, "cost": 3227.0, "name": "1", "drug": 19}, "model": "portfolio.stage", "pk": 52}, {"fields": {"fail": 0.84, "duration": 8, "cost": 3276.0, "name": "2", "drug": 19}, "model": "portfolio.stage", "pk": 53}, {"fields": {"fail": 0.96, "duration": 2, "cost": 9280.0, "name": "0", "drug": 20}, "model": "portfolio.stage", "pk": 54}, {"fields": {"fail": 0.64, "duration": 2, "cost": 1000.0, "name": "1", "drug": 20}, "model": "portfolio.stage", "pk": 55}, {"fields": {"fail": 0.4, "duration": 1, "cost": 1461.0, "name": "2", "drug": 20}, "model": "portfolio.stage", "pk": 56}, {"fields": {"fail": 0.49, "duration": 3, "cost": 3794.0, "name": "0", "drug": 21}, "model": "portfolio.stage", "pk": 57}, {"fields": {"fail": 0.97, "duration": 2, "cost": 5200.0, "name": "1", "drug": 21}, "model": "portfolio.stage", "pk": 58}, {"fields": {"fail": 0.87, "duration": 1, "cost": 4699.0, "name": "2", "drug": 21}, "model": "portfolio.stage", "pk": 59}, {"fields": {"fail": 0.46, "duration": 4, "cost": 9611.0, "name": "0", "drug": 22}, "model": "portfolio.stage", "pk": 60}, {"fields": {"fail": 0.59, "duration": 3, "cost": 8355.0, "name": "1", "drug": 22}, "model": "portfolio.stage", "pk": 61}, {"fields": {"fail": 0.58, "duration": 4, "cost": 3032.0, "name": "2", "drug": 22}, "model": "portfolio.stage", "pk": 62}, {"fields": {"fail": 0.52, "duration": 3, "cost": 3782.0, "name": "0", "drug": 23}, "model": "portfolio.stage", "pk": 63}, {"fields": {"fail": 0.33, "duration": 3, "cost": 7798.0, "name": "1", "drug": 23}, "model": "portfolio.stage", "pk": 64}, {"fields": {"fail": 0.25, "duration": 7, "cost": 6593.0, "name": "2", "drug": 23}, "model": "portfolio.stage", "pk": 65}, {"fields": {"fail": 0.25, "duration": 6, "cost": 4571.0, "name": "0", "drug": 24}, "model": "portfolio.stage", "pk": 66}, {"fields": {"fail": 0.81, "duration": 9, "cost": 3539.0, "name": "1", "drug": 24}, "model": "portfolio.stage", "pk": 67}, {"fields": {"fail": 0.25, "duration": 6, "cost": 9631.0, "name": "2", "drug": 24}, "model": "portfolio.stage", "pk": 68}, {"fields": {"fail": 0.41, "duration": 10, "cost": 8643.0, "name": "0", "drug": 25}, "model": "portfolio.stage", "pk": 69}, {"fields": {"fail": 0.68, "duration": 4, "cost": 1256.0, "name": "1", "drug": 25}, "model": "portfolio.stage", "pk": 70}, {"fields": {"fail": 0.41, "duration": 5, "cost": 3074.0, "name": "2", "drug": 25}, "model": "portfolio.stage", "pk": 71}, {"fields": {"fail": 0.35, "duration": 2, "cost": 2396.0, "name": "0", "drug": 26}, "model": "portfolio.stage", "pk": 72}, {"fields": {"fail": 0.5, "duration": 8, "cost": 8812.0, "name": "1", "drug": 26}, "model": "portfolio.stage", "pk": 73}, {"fields": {"fail": 0.69, "duration": 3, "cost": 2435.0, "name": "2", "drug": 26}, "model": "portfolio.stage", "pk": 74}, {"fields": {"fail": 0.25, "duration": 10, "cost": 4236.0, "name": "0", "drug": 27}, "model": "portfolio.stage", "pk": 75}, {"fields": {"fail": 0.53, "duration": 3, "cost": 7851.0, "name": "1", "drug": 27}, "model": "portfolio.stage", "pk": 76}, {"fields": {"fail": 0.46, "duration": 7, "cost": 8599.0, "name": "2", "drug": 27}, "model": "portfolio.stage", "pk": 77}, {"fields": {"fail": 0.25, "duration": 2, "cost": 6332.0, "name": "0", "drug": 28}, "model": "portfolio.stage", "pk": 78}, {"fields": {"fail": 0.72, "duration": 5, "cost": 9275.0, "name": "1", "drug": 28}, "model": "portfolio.stage", "pk": 79}, {"fields": {"fail": 0.33, "duration": 9, "cost": 8762.0, "name": "2", "drug": 28}, "model": "portfolio.stage", "pk": 80}, {"fields": {"fail": 0.93, "duration": 2, "cost": 9946.0, "name": "0", "drug": 29}, "model": "portfolio.stage", "pk": 81}, {"fields": {"fail": 0.25, "duration": 1, "cost": 7593.0, "name": "1", "drug": 29}, "model": "portfolio.stage", "pk": 82}, {"fields": {"fail": 0.44, "duration": 7, "cost": 9212.0, "name": "2", "drug": 29}, "model": "portfolio.stage", "pk": 83}, {"fields": {"fail": 0.55, "duration": 5, "cost": 2977.0, "name": "0", "drug": 30}, "model": "portfolio.stage", "pk": 84}, {"fields": {"fail": 0.84, "duration": 5, "cost": 4651.0, "name": "1", "drug": 30}, "model": "portfolio.stage", "pk": 85}, {"fields": {"fail": 0.25, "duration": 2, "cost": 6971.0, "name": "2", "drug": 30}, "model": "portfolio.stage", "pk": 86}, {"fields": {"fail": 0.25, "duration": 3, "cost": 8977.0, "name": "0", "drug": 31}, "model": "portfolio.stage", "pk": 87}, {"fields": {"fail": 0.83, "duration": 10, "cost": 5393.0, "name": "1", "drug": 31}, "model": "portfolio.stage", "pk": 88}, {"fields": {"fail": 0.69, "duration": 2, "cost": 1207.0, "name": "2", "drug": 31}, "model": "portfolio.stage", "pk": 89}, {"fields": {"fail": 0.96, "duration": 8, "cost": 7904.0, "name": "0", "drug": 32}, "model": "portfolio.stage", "pk": 90}, {"fields": {"fail": 0.25, "duration": 1, "cost": 4092.0, "name": "1", "drug": 32}, "model": "portfolio.stage", "pk": 91}, {"fields": {"fail": 0.26, "duration": 10, "cost": 3110.0, "name": "2", "drug": 32}, "model": "portfolio.stage", "pk": 92}, {"fields": {"fail": 0.3, "duration": 1, "cost": 6474.0, "name": "0", "drug": 33}, "model": "portfolio.stage", "pk": 93}, {"fields": {"fail": 0.25, "duration": 6, "cost": 6502.0, "name": "1", "drug": 33}, "model": "portfolio.stage", "pk": 94}, {"fields": {"fail": 0.69, "duration": 6, "cost": 5718.0, "name": "2", "drug": 33}, "model": "portfolio.stage", "pk": 95}, {"fields": {"fail": 0.25, "duration": 7, "cost": 3646.0, "name": "0", "drug": 34}, "model": "portfolio.stage", "pk": 96}, {"fields": {"fail": 0.37, "duration": 10, "cost": 4658.0, "name": "1", "drug": 34}, "model": "portfolio.stage", "pk": 97}, {"fields": {"fail": 0.25, "duration": 1, "cost": 8024.0, "name": "2", "drug": 34}, "model": "portfolio.stage", "pk": 98}, {"fields": {"fail": 0.81, "duration": 2, "cost": 7220.0, "name": "0", "drug": 35}, "model": "portfolio.stage", "pk": 99}, {"fields": {"fail": 0.74, "duration": 1, "cost": 3178.0, "name": "1", "drug": 35}, "model": "portfolio.stage", "pk": 100}, {"fields": {"fail": 0.48, "duration": 1, "cost": 1773.0, "name": "2", "drug": 35}, "model": "portfolio.stage", "pk": 101}, {"fields": {"fail": 0.49, "duration": 4, "cost": 2957.0, "name": "0", "drug": 36}, "model": "portfolio.stage", "pk": 102}, {"fields": {"fail": 0.25, "duration": 2, "cost": 4179.0, "name": "1", "drug": 36}, "model": "portfolio.stage", "pk": 103}, {"fields": {"fail": 0.25, "duration": 10, "cost": 1780.0, "name": "2", "drug": 36}, "model": "portfolio.stage", "pk": 104}, {"fields": {"fail": 0.25, "duration": 2, "cost": 5808.0, "name": "0", "drug": 37}, "model": "portfolio.stage", "pk": 105}, {"fields": {"fail": 0.54, "duration": 9, "cost": 3411.0, "name": "1", "drug": 37}, "model": "portfolio.stage", "pk": 106}, {"fields": {"fail": 0.59, "duration": 3, "cost": 6593.0, "name": "2", "drug": 37}, "model": "portfolio.stage", "pk": 107}, {"fields": {"fail": 0.25, "duration": 9, "cost": 2617.0, "name": "0", "drug": 38}, "model": "portfolio.stage", "pk": 108}, {"fields": {"fail": 0.32, "duration": 9, "cost": 2553.0, "name": "1", "drug": 38}, "model": "portfolio.stage", "pk": 109}, {"fields": {"fail": 0.25, "duration": 3, "cost": 4957.0, "name": "2", "drug": 38}, "model": "portfolio.stage", "pk": 110}, {"fields": {"codename": "add_logentry", "name": "Can add log entry", "content_type": 1}, "model": "auth.permission", "pk": 1}, {"fields": {"codename": "change_logentry", "name": "Can change log entry", "content_type": 1}, "model": "auth.permission", "pk": 2}, {"fields": {"codename": "delete_logentry", "name": "Can delete log entry", "content_type": 1}, "model": "auth.permission", "pk": 3}, {"fields": {"codename": "add_permission", "name": "Can add permission", "content_type": 2}, "model": "auth.permission", "pk": 4}, {"fields": {"codename": "change_permission", "name": "Can change permission", "content_type": 2}, "model": "auth.permission", "pk": 5}, {"fields": {"codename": "delete_permission", "name": "Can delete permission", "content_type": 2}, "model": "auth.permission", "pk": 6}, {"fields": {"codename": "add_group", "name": "Can add group", "content_type": 3}, "model": "auth.permission", "pk": 7}, {"fields": {"codename": "change_group", "name": "Can change group", "content_type": 3}, "model": "auth.permission", "pk": 8}, {"fields": {"codename": "delete_group", "name": "Can delete group", "content_type": 3}, "model": "auth.permission", "pk": 9}, {"fields": {"codename": "add_user", "name": "Can add user", "content_type": 4}, "model": "auth.permission", "pk": 10}, {"fields": {"codename": "change_user", "name": "Can change user", "content_type": 4}, "model": "auth.permission", "pk": 11}, {"fields": {"codename": "delete_user", "name": "Can delete user", "content_type": 4}, "model": "auth.permission", "pk": 12}, {"fields": {"codename": "add_contenttype", "name": "Can add content type", "content_type": 5}, "model": "auth.permission", "pk": 13}, {"fields": {"codename": "change_contenttype", "name": "Can change content type", "content_type": 5}, "model": "auth.permission", "pk": 14}, {"fields": {"codename": "delete_contenttype", "name": "Can delete content type", "content_type": 5}, "model": "auth.permission", "pk": 15}, {"fields": {"codename": "add_session", "name": "Can add session", "content_type": 6}, "model": "auth.permission", "pk": 16}, {"fields": {"codename": "change_session", "name": "Can change session", "content_type": 6}, "model": "auth.permission", "pk": 17}, {"fields": {"codename": "delete_session", "name": "Can delete session", "content_type": 6}, "model": "auth.permission", "pk": 18}, {"fields": {"codename": "add_portfolio", "name": "Can add portfolio", "content_type": 7}, "model": "auth.permission", "pk": 19}, {"fields": {"codename": "change_portfolio", "name": "Can change portfolio", "content_type": 7}, "model": "auth.permission", "pk": 20}, {"fields": {"codename": "delete_portfolio", "name": "Can delete portfolio", "content_type": 7}, "model": "auth.permission", "pk": 21}, {"fields": {"codename": "add_drug", "name": "Can add drug", "content_type": 8}, "model": "auth.permission", "pk": 22}, {"fields": {"codename": "change_drug", "name": "Can change drug", "content_type": 8}, "model": "auth.permission", "pk": 23}, {"fields": {"codename": "delete_drug", "name": "Can delete drug", "content_type": 8}, "model": "auth.permission", "pk": 24}, {"fields": {"codename": "add_stage", "name": "Can add stage", "content_type": 9}, "model": "auth.permission", "pk": 25}, {"fields": {"codename": "change_stage", "name": "Can change stage", "content_type": 9}, "model": "auth.permission", "pk": 26}, {"fields": {"codename": "delete_stage", "name": "Can delete stage", "content_type": 9}, "model": "auth.permission", "pk": 27}, {"fields": {"username": "admin", "first_name": "", "last_name": "", "is_active": true, "is_superuser": true, "is_staff": true, "last_login": "2014-11-23T17:46:02.975Z", "groups": [], "user_permissions": [], "password": "pbkdf2_sha256$12000$It2H4CKZ7jso$81dIymWPqoaxz7tALSVvVjVHALhjeRWJF+i1ydVKpgI=", "email": "lecs.dumitru@gmail.com", "date_joined": "2014-11-23T17:45:44.233Z"}, "model": "auth.user", "pk": 1}, {"fields": {"duration": 12, "budget": 20000.0, "name": "Leopard", "user": 1}, "model": "portfolio.portfolio", "pk": 1}, {"fields": {"duration": 25, "budget": 100000.0, "name": "Leonard", "user": 1}, "model": "portfolio.portfolio", "pk": 3}]